{
  "name": "Guardian Style",
  "settings": [
    { "settings": { "foreground": "#000000", "background": "#D3D3D3" } },

    { "scope": ["emphasis"]                            , "settings": { "fontStyle": "italic"    } },
    { "scope": ["strong"]                              , "settings": { "fontStyle": "bold"      } },

    { "scope": ["markup.underline"]                    , "settings": { "fontStyle": "underline" } },
    { "scope": ["markup.bold"]                         , "settings": { "fontStyle": "bold"      } },
    { "scope": ["markup.heading"]                      , "settings": { "foreground": "#6796e6"  } },
    { "scope": ["markup.italic"]                       , "settings": { "fontStyle": "italic"    } },
    { "scope": ["markup.inserted"]                     , "settings": { "foreground": "#b5cea8"  } },
    { "scope": ["markup.deleted"]                      , "settings": { "foreground": "#ce9178"  } },
    { "scope": ["markup.changed"]                      , "settings": { "foreground": "#569cd6"  } },

    { "scope": ["header"]                              , "settings": { "foreground": "#000080"  } },
    { "scope": ["invalid"]                             , "settings": { "foreground": "#f44747"  } },
    { "scope": ["meta.invalid-continuation.cpp"]       , "settings": { "foreground": "#f44747", "background": "#8F0000"  } },

    { "scope": ["comment"]                             , "settings": { "foreground": "#008000"  } },
    { "scope": ["comment.line.banner"]                 , "settings": { "fontStyle" : "bold"     } },
    { "scope": ["comment.code-block",
                "comment.code-punctuation"]            , "settings": { "foreground": "#afafaf"  } },
    { "scope": ["comment.command"]                     , "settings": { "foreground": "#955a1d"  } },
    { "scope": ["comment.variable"]                    , "settings": { "foreground": "#386ea7"  } },
    { "scope": ["comment.section"]                     , "settings": { "foreground": "#7d7d7d", "fontStyle": "bold" } },
    { "scope": ["comment.decoration"]                  , "settings": { "foreground": "#7d7d7d"  } },
    { "scope": ["comment.note"]                        , "settings": { "foreground": "#8d8d8d", "fontStyle": "bold" } },

    { "scope": ["keyword"]                             , "settings": { "foreground": "#0000ff"  } },
    { "scope": ["keyword.operator"]                    , "settings": { "foreground": "#000000"  } },

    { "scope": ["constant.boolean"]                    , "settings": { "foreground": "#569cd6"  } },
    { "scope": ["constant.numeric"]                    , "settings": { "foreground": "#1b4b23"  } },
    { "scope": ["constant.number-suffix"]              , "settings": { "foreground": "#000000"  } },
    { "scope": ["constant.regexp"]                     , "settings": { "foreground": "#b46695"  } },
    { "scope": ["constant.rgb-value"]                  , "settings": { "foreground": "#d4d4d4"  } },

    { "scope": ["entity.name.tag"]                     , "settings": { "foreground": "#569cd6"  } },
    { "scope": ["entity.name.selector"]                , "settings": { "foreground": "#d7ba7d"  } },
    { "scope": ["entity.other.attribute-name"]         , "settings": { "foreground": "#9cdcfe"  } },
    { "scope": ["entity.other.attribute-name.css"]     , "settings": { "foreground": "#d7ba7d"  } },

    { "scope": ["meta.tag"]                            , "settings": { "foreground": "#808080"  } },
    { "scope": ["meta.selector"]                       , "settings": { "foreground": "#d7ba7d"  } },

    { "scope": ["support.assert.cpp"]                  , "settings": { "foreground": "#ff6c80"  } },
    { "scope": ["support.asm.cpp",
                "support.likely-unlikely.cpp"]         , "settings": { "foreground": "#9a5454"  } },
    { "scope": ["support.constant.success.libc.cpp",
                "support.constant.success.misc.cpp",
                "support.function-name.success.cpp"]   , "settings": { "foreground": "#006600" } },
    { "scope": ["support.constant.signal.cpp",
                "support.constant.failure.libc.cpp",
                "support.constant.failure.misc.cpp",
                "support.function-name.failure.cpp"]   , "settings": { "foreground": "#660000" } },

    { "scope": ["support.variable.libc.cpp",
                "support.function-name.std.cpp"]       , "settings": { "foreground": "#fa7d4a" } },

    { "scope": ["support.all-upper"]                   , "settings": { "foreground": "#990073" } },
    { "scope": ["support.class.builtin",
                "support.first-upper.cpp"]             , "settings": { "foreground": "#237690" } },

    { "scope": ["storage",
                "storage.type",
                "storage.type.access",
                "storage.modifier.const",
                "constant.language",
                "constant.nullptr.cpp",
                "keyword.control",
                "keyword.operator.noexcept.cpp",
                "keyword.operator.sizeof.cpp",
                "keyword.operator.in.js",
                "keyword.operator.typeof.js",
                "support.something-t.cpp",
                "support.type.misc.cpp",
                "support.type.libc.cpp"]               , "settings": { "foreground": "#0000ff"  } },

    { "scope": ["meta.preprocessor.command.cpp",
                "meta.preprocessor.keyword.cpp",
                "meta.preprocessor.hash.cpp",
                "meta.preprocessor.keyword"]           , "settings": { "foreground": "#0000a0"  } },

    { "scope": ["meta.line-continuation.cpp"]          , "settings": { "foreground": "#EDC869", "fontStyle": "bold" } },

    { "scope": ["storage.modifier"]                    , "settings": { "foreground": "#869eb7"  } },
    { "scope": ["keyword.operator.vaargs",
                "storage.modifier.js",
                "storage.modifier.static.cpp",
                "storage.modifier.attribute.cpp",
                "storage.modifier.inline.cpp",
                "storage.modifier.extern.cpp",
                "storage.modifier.explicit.cpp",
                "storage.modifier.callconv.cpp",
                "storage.modifier.final.cpp",
                "storage.modifier.virtual.cpp",
                "storage.modifier.override.cpp",
                "storage.modifier.mutable.cpp",
                "storage.modifier.volatile.cpp",
                "storage.modifier.restrict.cpp"]       , "settings": { "foreground": "#0000ff" } },
    { "scope": ["operator.namespace-separator.cpp"]    , "settings": { "foreground": "#000000", "fontStyle": "bold" } },

    { "scope": ["support.constant.std.libc.cpp",
                "support.constant.predefined.cpp",
                "support.constant.k-something.cpp"]    , "settings": { "foreground": "#1870ca" } },

    { "scope": ["comment.docgroup",
                "comment.variable"]                    , "settings": { "foreground": "#1870ca" } },

    { "scope": ["string",
                "string.tag",
                "punctuation.single.quoted.string",
                "punctuation.double.quoted.string"]    , "settings": { "foreground": "#a51515"  } },
    { "scope": ["constant.character.escape"]           , "settings": { "foreground": "#a51515", "fontStyle": "bold"  } },
    { "scope": ["constant.character.format"]           , "settings": { "foreground": "#a51515", "fontStyle": "bold" } },
    { "scope": ["string.regexp"]                       , "settings": { "foreground": "#d16969"  } },

    { "scope": ["support.property-name",
                "meta.structure.dictionary.key.python",
                "meta.object-literal.key"]             , "settings": { "foreground": "#cda869"  } },

    { "scope": ["variable.language.this",
                "support.first-lower-underscore-prefix.cpp",
                "support.first-lower-underscore-suffix.cpp"], "settings": { "foreground": "#9b859d"  } },

    { "scope": ["support.double-underscore-prefix.cpp"], "settings": { "foreground": "#569cd6"  } },
    { "scope": ["keyword.control.less"]                , "settings": { "foreground": "#000000"  } },
    { "scope": ["keyword.operator.cast.cpp"]           , "settings": { "foreground": "#0000ff"  } },
    { "scope": ["keyword.operator.new.cpp",
                "keyword.operator.delete.cpp"]         , "settings": { "foreground": "#6600cc"  } },
    { "scope": ["keyword.other.unit"]                  , "settings": { "foreground": "#b5cea8"  } },
    { "scope": ["support.function.git-rebase"]         , "settings": { "foreground": "#d4d4d4"  } },
    { "scope": ["constant.sha.git-rebase"]             , "settings": { "foreground": "#b5cea8"  } },
    { "scope": ["storage.modifier.import.java",
                "storage.modifier.package.java"]       , "settings": { "foreground": "#d4d4d4"  } }
  ]
}
